,Document,Page,Sentence
0,Morocco_2013_Maroc_CyberSecurity_2013_ENG.pdf,1,"Kingdom OF MOROCCO, UNDER THE EFFECTIVE PRESIDENCY OF HIS MAJESTY, THE KING, MOHAMMED VI, Digital Morocco, 2013 "
1,Morocco_2013_Maroc_CyberSecurity_2013_ENG.pdf,4,The National Strategy for Information Society and Digital Economy 
2,Morocco_2013_Maroc_CyberSecurity_2013_ENG.pdf,4,"AN ExtrAct from thE spEEch givEN by his mAjEsty thE KiNg, mohAmmEd vi"
3,Morocco_2013_Maroc_CyberSecurity_2013_ENG.pdf,5,The National Strategy for Information Society and Digital Economy 2009-2013 
4,Morocco_2013_Maroc_CyberSecurity_2013_ENG.pdf,5,"AN ExtrAct from thE spEEch givEN by his mAjEsty thE KiNg, mohAmmEd vi"
5,Morocco_2013_Maroc_CyberSecurity_2013_ENG.pdf,5," In parallel, we invite the government to adopt a new strategy for the industry and service sector and for the development of new technologies"
6,Morocco_2013_Maroc_CyberSecurity_2013_ENG.pdf,5, This strategy should be focused on the optimal use of opportunities created by the globalisation in terms of investment flows
7,Morocco_2013_Maroc_CyberSecurity_2013_ENG.pdf,5," In addition to the reinforcement of Moroccan companies and the promotion of added-value industrial investment, this strategy should also chart new ways for the Moroccan economy to invest in new industrial sectors that require innovative technologies and open up promising markets to export its products and services"
8,Morocco_2013_Maroc_CyberSecurity_2013_ENG.pdf,5," We have both the ambition and the determination to ensure the insertion of Morocco through its companies and universities in the international economy of knowledge Extract from the full speech adressed to the Nation by His Majesty the King, on the occasion of the Throne Day, 30/ 07/"
9,Morocco_2013_Maroc_CyberSecurity_2013_ENG.pdf,5," 08 D: i g, i t a l M, o r, o c c, o The National Strategy for Information Society and Digital Economy 2009-2013"
10,Morocco_2013_Maroc_CyberSecurity_2013_ENG.pdf,6,"Vision, objectives and strategic orientations: "
11,Morocco_2013_Maroc_CyberSecurity_2013_ENG.pdf,7,The National Strategy for Information Society and Digital Economy 2009-2013 
12,Morocco_2013_Maroc_CyberSecurity_2013_ENG.pdf,7," I t a l M, o r, o c c, o The National Strategy for Information Society and Digital Economy 2009-2013"
13,Morocco_2013_Maroc_CyberSecurity_2013_ENG.pdf,8,Information is crucial to the development of nations
14,Morocco_2013_Maroc_CyberSecurity_2013_ENG.pdf,8," The use of Information Technology ( IT ) is an essential factor for the emergence of the knowledge of a society and can actively contribute to human development, improved social cohesion and national economy growth"
15,Morocco_2013_Maroc_CyberSecurity_2013_ENG.pdf,8," Indeed, all around the world, the access to information and its appropriate and effective use have an impact on progress and development"
16,Morocco_2013_Maroc_CyberSecurity_2013_ENG.pdf,8,", Modern and prosperous nations enjoy a high index for their capacity to produce and use information"
17,Morocco_2013_Maroc_CyberSecurity_2013_ENG.pdf,8," The IT sector accounts for 7 % of the world GDP and attracts 25 % of the world growth, as well as 60 % of jobs in the industrialised world"
18,Morocco_2013_Maroc_CyberSecurity_2013_ENG.pdf,8," However, there is a great imbalance between industrial and emerging nations"
19,Morocco_2013_Maroc_CyberSecurity_2013_ENG.pdf,8," Industrial nations control around 85 % of the sector activities with political, economic, social and cultural consequences, the impact of which has only started to be analysed"
20,Morocco_2013_Maroc_CyberSecurity_2013_ENG.pdf,8," 8 Digital, Morocco, "
21,Morocco_2013_Maroc_CyberSecurity_2013_ENG.pdf,9,The National Strategy for Information Society and Digital Economy 2009-2013 
22,Morocco_2013_Maroc_CyberSecurity_2013_ENG.pdf,9,"Information is crucial to the development of nations In accordance with the High Orientations of His Majesty the King, Mohammed VI"
23,Morocco_2013_Maroc_CyberSecurity_2013_ENG.pdf,9," The IT sector is now one of the priority sectors of Moroccan economy, given the contribution it can have on human and economic development In the IT sector"
24,Morocco_2013_Maroc_CyberSecurity_2013_ENG.pdf,9," The challenge for Morocco in the coming years is not only to build on the progress that has already been made, but to achieve the integration of Morocco in the global economy of knowledge by integrating and extending IT to all entities within the society, state administrations, companies and Individual citizens Facing this challenge, the national strategy for the information society and digital economy focuses on defining priorities and actions with strong impact that will be gradually improved, sets ambitious but realistic objectives that can be achieved by putting in place a sustainable system of governance and by Allocating adequate resources "
25,Morocco_2013_Maroc_CyberSecurity_2013_ENG.pdf,9," I t a l M, o r, o c c, o The National Strategy for Information Society and Digital Economy 2009-2013"
26,Morocco_2013_Maroc_CyberSecurity_2013_ENG.pdf,11,"The National Strategy for Information Society and Digital Economy, 2009-2013 "
27,Morocco_2013_Maroc_CyberSecurity_2013_ENG.pdf,11,Human and Economic Development 
28,Morocco_2013_Maroc_CyberSecurity_2013_ENG.pdf,11,"For Morocco, the major challenge regarding its transformation into an information society is to produce added-value and improve the standard of living and the well-being of its citizens"
29,Morocco_2013_Maroc_CyberSecurity_2013_ENG.pdf,11, It is a key factor in human and economic development based on effective and efficient use of information
30,Morocco_2013_Maroc_CyberSecurity_2013_ENG.pdf,11," The main factor in the production of added-value after capital and labour, the achievement of significant productivity gains by creating new opportunities to produce process, record store and share information, as well as by providing easier access to information, Thus developing an efficient use of IT"
31,Morocco_2013_Maroc_CyberSecurity_2013_ENG.pdf,11, In all areas of economic and social life in Morocco is a priority to ensure sustainable national growth and competitiveness
32,Morocco_2013_Maroc_CyberSecurity_2013_ENG.pdf,11," I t a l M, o r, o c c, o The National Strategy for Information Society and Digital Economy 2009-2013"
33,Morocco_2013_Maroc_CyberSecurity_2013_ENG.pdf,12,"In the 21st century, companies ability to collect, produce and manage information has become an essential factor for the economic growth, productivity and competitiveness"
34,Morocco_2013_Maroc_CyberSecurity_2013_ENG.pdf,12,"Thus, the IT penetration rate within companies, particularly within small and medium enterprises, ( SMEs, ) and very small enterprises, ( VSEs ) and its widespread and effective use play a significant role in the emergence of an economy of knowledge and in the capacity of companies to produce Higher added-value and create further job opportunities In Morocco, the economic arena mainly comprises SMEs and VSEs, which have low level of computerisation"
35,Morocco_2013_Maroc_CyberSecurity_2013_ENG.pdf,12," As a result, work productivity remains limited"
36,Morocco_2013_Maroc_CyberSecurity_2013_ENG.pdf,12,The modernisation of the Moroccan entrepreneurial arena is one of the main challenges of the spread of IT
37,Morocco_2013_Maroc_CyberSecurity_2013_ENG.pdf,12, In opting to put in place an information system
38,Morocco_2013_Maroc_CyberSecurity_2013_ENG.pdf,12," The company embraces a dynamic step of technological and organisational modernisation, notably to meet the requirements of the industry in terms of quality costs and deadlines"
39,Morocco_2013_Maroc_CyberSecurity_2013_ENG.pdf,12," Develop new job processes achieve better productivity, 12, Digital Morocco, "
40,Morocco_2013_Maroc_CyberSecurity_2013_ENG.pdf,13,"The National Strategy for Information Society and Digital Economy, 2009-2013 "
41,Morocco_2013_Maroc_CyberSecurity_2013_ENG.pdf,13,It and access to the internet facilitate communication and provide access to knowledge
42,Morocco_2013_Maroc_CyberSecurity_2013_ENG.pdf,13," Besides providing easy and quick access to information, they enable individual citizens to considerably save time, especially with the availability of online services"
43,Morocco_2013_Maroc_CyberSecurity_2013_ENG.pdf,13," It is essential to introduce the benefits of IT to individual citizens, to provide them with opportunities to access these technologies and purchase equipment and enable them to acquire the necessary skills for the appropriate use of these technologies"
44,Morocco_2013_Maroc_CyberSecurity_2013_ENG.pdf,13," In this context, after the progress made regarding individual citizens access to mobile phone technology, the next stage should be to accelerate the process of democratisation of home internet and to encourage individual citizens to take up and use new technology on a daily basis"
45,Morocco_2013_Maroc_CyberSecurity_2013_ENG.pdf,13, This is particularly relevant in difficult access areas where a computer connected to the internet remains the sole mean of link to the world of knowledge
46,Morocco_2013_Maroc_CyberSecurity_2013_ENG.pdf,13," I t a l M, o r, o c c, o The National Strategy for Information Society and Digital Economy 2009-2013"
47,Morocco_2013_Maroc_CyberSecurity_2013_ENG.pdf,14,R & D Promotion - 
48,Morocco_2013_Maroc_CyberSecurity_2013_ENG.pdf,14,Morocco has made significant progress in promoting R & D in recent years
49,Morocco_2013_Maroc_CyberSecurity_2013_ENG.pdf,14," The number of partnerships with foreign universities and research centers has increased, highlighting the credibility enjoyed by Moroccan academics and researchers"
50,Morocco_2013_Maroc_CyberSecurity_2013_ENG.pdf,14,"Moroccan researchers are leading R & D teams in innovative areas such as microelectronics, biotechnology and nanotechnology"
51,Morocco_2013_Maroc_CyberSecurity_2013_ENG.pdf,14, A support fund for technology innovation has been set up
52,Morocco_2013_Maroc_CyberSecurity_2013_ENG.pdf,14, The challenge for the future is to ensure the continuation and to reinforce the cooperation between the research institutes and the private sector to turn this existing national research potential into marketable technology and products
53,Morocco_2013_Maroc_CyberSecurity_2013_ENG.pdf,14," A great interaction between academic researchers and private companies will lead to a greater focus on concrete projects, while enjoying the support of industrialists and balancing fundamental and applied research that are oriented toward marketable openings"
54,Morocco_2013_Maroc_CyberSecurity_2013_ENG.pdf,14," Furthermore, openness to the world is necessary, given the limited size of the local market to justify a significant investment in R & D"
55,Morocco_2013_Maroc_CyberSecurity_2013_ENG.pdf,15,"The National Strategy for Information Society and Digital Economy, 2009-2013 "
56,Morocco_2013_Maroc_CyberSecurity_2013_ENG.pdf,15,"Growth of local IT industry, "
57,Morocco_2013_Maroc_CyberSecurity_2013_ENG.pdf,15,"Added-Value increase of IT offshoring services, Morocco has become a leading destination for investment from francophone countries in the field of call centres"
58,Morocco_2013_Maroc_CyberSecurity_2013_ENG.pdf,15," It offshoring, as well as in the outsourcing of business processes"
59,Morocco_2013_Maroc_CyberSecurity_2013_ENG.pdf,15, The main offshoring actors have started operating in Morocco and have further ambition for their development plans
60,Morocco_2013_Maroc_CyberSecurity_2013_ENG.pdf,15, Morocco has significantly contributed to this success by making the offshoring business as one of the pillars of its industrial strategy and has put in place a dynamic policy to enhance the attractiveness of Morocco for foreign clients
61,Morocco_2013_Maroc_CyberSecurity_2013_ENG.pdf,15," Overall, some 50 multinational companies have already launched operations in the country For the future"
62,Morocco_2013_Maroc_CyberSecurity_2013_ENG.pdf,15, The challenge resides in the consolidation of our francophone market leadership and our current mature experience in offshoring in order to expand to new markets and to increase the added-value of the services offered in Morocco
63,Morocco_2013_Maroc_CyberSecurity_2013_ENG.pdf,15,"It Industry Export Growth, "
64,Morocco_2013_Maroc_CyberSecurity_2013_ENG.pdf,15,"International companies are also interested in the skills and know-how available in Morocco in several professional areas related to information systems, monetics engineering, consultancy and information systems, integration, geographical information systems, development of digital content in Arabic and decision systems"
65,Morocco_2013_Maroc_CyberSecurity_2013_ENG.pdf,15, Morocco should identify and profit from the existing opportunities to rapidly position itself as a reference country in the sector and to achieve higher added-value
66,Morocco_2013_Maroc_CyberSecurity_2013_ENG.pdf,15," I t a l M, o r, o c c, o The National Strategy for Information Society and Digital Economy 2009-2013"
67,Morocco_2013_Maroc_CyberSecurity_2013_ENG.pdf,16,Improving Efficiency and Reducing Costs 
68,Morocco_2013_Maroc_CyberSecurity_2013_ENG.pdf,16,"Public services and their efficiency have an important impact on the country, economic and social aspects of living"
69,Morocco_2013_Maroc_CyberSecurity_2013_ENG.pdf,16," Thus, it is very important to provide these services in an integrated, transparent and secure manner so that the Moroccan society can be gradually transformed into an information society thanks to IT and in respect to the needs and expectations of the citizens and compagnies In Morocco"
70,Morocco_2013_Maroc_CyberSecurity_2013_ENG.pdf,16, The public sector expenditures represent a significant portion of the budget of the State
71,Morocco_2013_Maroc_CyberSecurity_2013_ENG.pdf,16, The public sector will certainly achieve important profits in terms of effectiveness and effficiency as a result of the implementation of E-government services via simplified and automated information processing
72,Morocco_2013_Maroc_CyberSecurity_2013_ENG.pdf,16," Therefore, for instance, the online Tax declaration for compagnies will allow the Moroccan State to achieve productivity gains by using simplified collection and automated information processing"
73,Morocco_2013_Maroc_CyberSecurity_2013_ENG.pdf,16, It will allow compagnies and their partners to considerably save time by accessing information that have been already filed while being assisted with the online declaration process
74,Morocco_2013_Maroc_CyberSecurity_2013_ENG.pdf,17,The National Strategy for Information Society and Digital Economy - 2009-2013 
75,Morocco_2013_Maroc_CyberSecurity_2013_ENG.pdf,17," I t a l M, o r, o c c, o The National Strategy for Information Society and Digital Economy 2009-2013"
76,Morocco_2013_Maroc_CyberSecurity_2013_ENG.pdf,18,Vision objEctivEs ANd strAtEgic oriENtAtioNs: 
77,Morocco_2013_Maroc_CyberSecurity_2013_ENG.pdf,18,"The digital morocco plan has been designed according to a clear vision and ambitions for morocco, aiming to position it among emerging and dynamic countries in the field of information technologies"
78,Morocco_2013_Maroc_CyberSecurity_2013_ENG.pdf,18," Make IT a tool for human development, Make IT a source of productivity and added value for other economic sectors and for the public Administration Make the IT sector one of the economys pillars Position: Morocco as a regional technology"
79,Morocco_2013_Maroc_CyberSecurity_2013_ENG.pdf,18," Hub 18 D, i g"
80,Morocco_2013_Maroc_CyberSecurity_2013_ENG.pdf,19," I t a l M, o r, o c c, o 18, The National Strategy for Information Society and Digital Economy, 2009-2013 "
81,Morocco_2013_Maroc_CyberSecurity_2013_ENG.pdf,19,visioN objEctivEs ANd strAtEgic oriENtAtioNs
82,Morocco_2013_Maroc_CyberSecurity_2013_ENG.pdf,19,Clear and targeted objectives for 2013 
83,Morocco_2013_Maroc_CyberSecurity_2013_ENG.pdf,19,Science and IT Engineering students and similars with access to equipment
84,Morocco_2013_Maroc_CyberSecurity_2013_ENG.pdf,19,"1 household in 10, "
85,Morocco_2013_Maroc_CyberSecurity_2013_ENG.pdf,19,"1 household in 3, "
86,Morocco_2013_Maroc_CyberSecurity_2013_ENG.pdf,19," I t a l M, o r, o c c, o The National Strategy for Information Society and Digital Economy 2009-2013"
87,Morocco_2013_Maroc_CyberSecurity_2013_ENG.pdf,20,Vision objEctivEs ANd strAtEgic oriENtAtioNs: 
88,Morocco_2013_Maroc_CyberSecurity_2013_ENG.pdf,20,"Digital morocco 2013 is based on 4 principles, Creating momentum, Creating momeentum "
89,Morocco_2013_Maroc_CyberSecurity_2013_ENG.pdf,20,"Show strong ambition, Mobilise public and private actors Assess progress regularly, Assess regularly the progress "
90,Morocco_2013_Maroc_CyberSecurity_2013_ENG.pdf,20,Setting the right priorities and 
91,Morocco_2013_Maroc_CyberSecurity_2013_ENG.pdf,20,Setting prioriitities Setting priorities 
92,Morocco_2013_Maroc_CyberSecurity_2013_ENG.pdf,20,"And taking stronong action and taking strong action taking strong actions, "
93,Morocco_2013_Maroc_CyberSecurity_2013_ENG.pdf,20,"Structuring governance and allocating Structuring governance aand allocating Gouvernance, structuring and adequate resources allocation, adequate ressources, adequate resources, "
94,Morocco_2013_Maroc_CyberSecurity_2013_ENG.pdf,20,"Manage the entire project by setting a course of Manage the entire plan by setting a course of actions, action, allocating resources and assessing results"
95,Morocco_2013_Maroc_CyberSecurity_2013_ENG.pdf,20," Allocating ressources and assessing the results Allocate adequate human and financial resources Taking action for the long term, Taking action for thhe long term"
96,Morocco_2013_Maroc_CyberSecurity_2013_ENG.pdf,20,Set a limited number of priorities Initiate clear and comprehensive action
97,Morocco_2013_Maroc_CyberSecurity_2013_ENG.pdf,20," Identify measures to support change, Implement sustainable governance structure, Make 5-year plans Enhance action plan gradually Create a 5 year plan Enhance progressively the action plan"
98,Morocco_2013_Maroc_CyberSecurity_2013_ENG.pdf,20," 20 Digital, Morocco, "
99,Morocco_2013_Maroc_CyberSecurity_2013_ENG.pdf,21,"The National Strategy for Information Society and Digital Economy, 2009-2013 "
100,Morocco_2013_Maroc_CyberSecurity_2013_ENG.pdf,21,visioN objEctivEs ANd strAtEgic oriENtAtioNs - 
101,Morocco_2013_Maroc_CyberSecurity_2013_ENG.pdf,21,"Digital morocco 2013, A strategy designed around four strategic priorities: "
102,Morocco_2013_Maroc_CyberSecurity_2013_ENG.pdf,21,"Provide individual citizens with access to broadband internet and promote interaction and access to knowledge, social change, "
103,Morocco_2013_Maroc_CyberSecurity_2013_ENG.pdf,21,"Sensitise the public administration about users needs with regard to efficiency, quality and transparency through an ambitious e-government program, Promote computerisation in small and medium enterprises to improve productivity"
104,Morocco_2013_Maroc_CyberSecurity_2013_ENG.pdf,21, Implementation of user- oriented public services
105,Morocco_2013_Maroc_CyberSecurity_2013_ENG.pdf,21," Computerisation of small and medium-sized enterprises Develop local IT business potentials by providing support to the creation and growth of local actors, as well as by promoting the emergence of areas of excellence with strong potential fot"
106,Morocco_2013_Maroc_CyberSecurity_2013_ENG.pdf,21, The export promotion of it industry 
107,Morocco_2013_Maroc_CyberSecurity_2013_ENG.pdf,21," I t a l M, o r, o c c, o The National Strategy for Information Society and Digital Economy 2009-2013"
108,Morocco_2013_Maroc_CyberSecurity_2013_ENG.pdf,22,Vision objEctivEs ANd strAtEgic oriENtAtioNs: 
109,Morocco_2013_Maroc_CyberSecurity_2013_ENG.pdf,22,"Ensure the availability of human resources in terms of both quality and quantity, to meet the sectors needs development of human capital"
110,Morocco_2013_Maroc_CyberSecurity_2013_ENG.pdf,22,Put in place the right conditions for cyber-confidence promotion of cyber-confidence 
111,Morocco_2013_Maroc_CyberSecurity_2013_ENG.pdf,22,And 2 implementation modalities 
112,Morocco_2013_Maroc_CyberSecurity_2013_ENG.pdf,22,Put in place an overall governance Ensure the allocation of adequate financial resources
113,Morocco_2013_Maroc_CyberSecurity_2013_ENG.pdf,22," 22 Digital Morocco, "
114,Morocco_2013_Maroc_CyberSecurity_2013_ENG.pdf,22,"The National Strategy for Information Society and Digital Economy, 2009-2013 management of strategy "
115,Morocco_2013_Maroc_CyberSecurity_2013_ENG.pdf,22,"Allocation of financial resources, "
116,Morocco_2013_Maroc_CyberSecurity_2013_ENG.pdf,23,Vision objEctivEs ANd strAtEgic oriENtAtioNs: 
117,Morocco_2013_Maroc_CyberSecurity_2013_ENG.pdf,23,The orientations of the digital morocco strategy combine economic gains with benefits for individual citizens
118,Morocco_2013_Maroc_CyberSecurity_2013_ENG.pdf,23," It industry Development, "
119,Morocco_2013_Maroc_CyberSecurity_2013_ENG.pdf,23,"It one of the pillars of development of Morocco, "
120,Morocco_2013_Maroc_CyberSecurity_2013_ENG.pdf,23,"Developing competences, enterprises and export "
121,Morocco_2013_Maroc_CyberSecurity_2013_ENG.pdf,23," I t a l M, o r, o c c, o The National Strategy for Information Society and Digital Economy 2009-2013"
122,Morocco_2013_Maroc_CyberSecurity_2013_ENG.pdf,25,"24 D: i g, i t a l M, o r, o c c, o 24, The National Strategy for Information Society and Digital Economy, 2009-2013 "
123,Morocco_2013_Maroc_CyberSecurity_2013_ENG.pdf,25,"2- User-oriented public services, "
124,Morocco_2013_Maroc_CyberSecurity_2013_ENG.pdf,25,"3- productivity for small and medium enterprises, 4- information technology, industry, "
125,Morocco_2013_Maroc_CyberSecurity_2013_ENG.pdf,25," I t a l M, o r, o c c, o The National Strategy for Information Society and Digital Economy 2009-2013"
126,Morocco_2013_Maroc_CyberSecurity_2013_ENG.pdf,26,"Internet use has increased since 2004, but home access remains limited to a minority of moroccan households, Internet users and penetration 2004-2008 thousand users % population"
127,Morocco_2013_Maroc_CyberSecurity_2013_ENG.pdf,26,"Household internet access, penetration, 2004-2008 thousand households % households, "
128,Morocco_2013_Maroc_CyberSecurity_2013_ENG.pdf,26,Penetration ( % pop ) 
129,Morocco_2013_Maroc_CyberSecurity_2013_ENG.pdf,26,"Internet users, ('000 ) "
130,Morocco_2013_Maroc_CyberSecurity_2013_ENG.pdf,26,"Penetration ( % households, ) "
131,Morocco_2013_Maroc_CyberSecurity_2013_ENG.pdf,26,Residential connections - ( 000 ) 
132,Morocco_2013_Maroc_CyberSecurity_2013_ENG.pdf,27,The National Strategy for Information Society and Digital Economy 2009-2013 
133,Morocco_2013_Maroc_CyberSecurity_2013_ENG.pdf,27,"The penetration rate varies significantly according to geographical zones and household income levels, Estimation of household internet access, penetration per geographical zone and income March 2008, home households, ( thousand and % ) connections, ( thousand ), Morocco, SPC* (, x, 1000, households, ) "
134,Morocco_2013_Maroc_CyberSecurity_2013_ENG.pdf,27,"Zone ( x, 1000, households, ) "
135,Morocco_2013_Maroc_CyberSecurity_2013_ENG.pdf,27,High density populated zones - ( 2500 ) 
136,Morocco_2013_Maroc_CyberSecurity_2013_ENG.pdf,27,Moderately populated zones - ( 1400 ) 
137,Morocco_2013_Maroc_CyberSecurity_2013_ENG.pdf,27,Grey-White zones - ( 2100 ) 
138,Morocco_2013_Maroc_CyberSecurity_2013_ENG.pdf,27,"Average penetration rate in Morocco, "
139,Morocco_2013_Maroc_CyberSecurity_2013_ENG.pdf,27,Literacy rate ( % ) 
140,Morocco_2013_Maroc_CyberSecurity_2013_ENG.pdf,27,Penetration rate in case of literacy 
141,Morocco_2013_Maroc_CyberSecurity_2013_ENG.pdf,27,Rate ( % ) 
142,Morocco_2013_Maroc_CyberSecurity_2013_ENG.pdf,27,Penetration rate in case of literacy 
143,Morocco_2013_Maroc_CyberSecurity_2013_ENG.pdf,27,"*Socio-Professional categories are defined according to monthly household income in MAD, A > 18 000, 8 000 < B, <, 18, 000, 3, 000 < C <, 8, 000 D & E <, 3, 000 D"
144,Morocco_2013_Maroc_CyberSecurity_2013_ENG.pdf,27," I t a l M, o r, o c c, o The National Strategy for Information Society and Digital Economy 2009-2013"
145,Morocco_2013_Maroc_CyberSecurity_2013_ENG.pdf,28,Providing individual citizens access to internet broadband and promoting interaction and access to knowledge
146,Morocco_2013_Maroc_CyberSecurity_2013_ENG.pdf,28,"1 Household in 10, "
147,Morocco_2013_Maroc_CyberSecurity_2013_ENG.pdf,28,"1 Household in 3, "
148,Morocco_2013_Maroc_CyberSecurity_2013_ENG.pdf,28,% of equipped public schools 
149,Morocco_2013_Maroc_CyberSecurity_2013_ENG.pdf,28,"% of engineering students or similars in science and IT with laptops and internet connection, Households with internet connection, "
150,Morocco_2013_Maroc_CyberSecurity_2013_ENG.pdf,28,Number of public and community access centres Number of websites 
151,Morocco_2013_Maroc_CyberSecurity_2013_ENG.pdf,28,"ma in the top 100 of most visited sites in Morocco, 28 Digital, Morocco, "
152,Morocco_2013_Maroc_CyberSecurity_2013_ENG.pdf,29,The National Strategy for Information Society and Digital Economy 2009-2013 
153,Morocco_2013_Maroc_CyberSecurity_2013_ENG.pdf,29,"The fulfilment of identified ambitions requires the implementation of 3 key initiatives, Initiative 1, Extending and generalising IT use and equipment to education and teaching entities"
154,Morocco_2013_Maroc_CyberSecurity_2013_ENG.pdf,29,Initiative 2 Mobilising public and private actors around attractive IT access opportunities for each socio-professional; category 
155,Morocco_2013_Maroc_CyberSecurity_2013_ENG.pdf,29,"Initiative 3, Developing national digital content D"
156,Morocco_2013_Maroc_CyberSecurity_2013_ENG.pdf,29," I t a l M, o r, o c c, o The National Strategy for Information Society and Digital Economy; 2009-2013"
157,Morocco_2013_Maroc_CyberSecurity_2013_ENG.pdf,30,Initiative 1 Extending and generalising it use and equipment to education and teaching entities
158,Morocco_2013_Maroc_CyberSecurity_2013_ENG.pdf,30, The information and knowledge society will be only developped if the younger generation acquires the know-how of technology at an early stage
159,Morocco_2013_Maroc_CyberSecurity_2013_ENG.pdf,30," Computers and internet are the powerful educational tools which can speed up human, economic and social development"
160,Morocco_2013_Maroc_CyberSecurity_2013_ENG.pdf,30, Actions designed to provide pupils and students with computer equipment are multiplying worldwide and their efficiency has been clearly proven To further promote computer equipment and internet use by actors in the education sector
161,Morocco_2013_Maroc_CyberSecurity_2013_ENG.pdf,30, The Moroccan government will implement a leader action to provide engineering students and their similars with subsidised laptops and internet access
162,Morocco_2013_Maroc_CyberSecurity_2013_ENG.pdf,30, This initiative will supplement the Gnie program for the equipment of primary and high public schools and the Nafid @ program to subsidise mobile computers and internet access for teaching staff launched respectively in September 2005 and May 2008 30 Digital
163,Morocco_2013_Maroc_CyberSecurity_2013_ENG.pdf,31,The National Strategy for Information Society and Digital Economy 2009-2013 
164,Morocco_2013_Maroc_CyberSecurity_2013_ENG.pdf,31,Initiative 1 Extending and generalising it use and equipment to education and teaching entities
165,Morocco_2013_Maroc_CyberSecurity_2013_ENG.pdf,31,"Proceed with the Gnie program by providing public educational institutions, ( 9 260 institutions, ) access and multimedia resources to public educational institutions, with multimedia resources connected to internet over the 2009-2013 period, Alongside equipment and infrastructure 200 000"
166,Morocco_2013_Maroc_CyberSecurity_2013_ENG.pdf,31," It teachers must be trained and pedagogical digital content suitable for learning must be developed, provide multimedia resources, "
167,Morocco_2013_Maroc_CyberSecurity_2013_ENG.pdf,31,"Press ahead with the IT generalisation program in education and introduce digital work, environments and internet access to public higher education institutions, ( DWE ) in higher education institutions"
168,Morocco_2013_Maroc_CyberSecurity_2013_ENG.pdf,31,"And internet connection for teaching staff Proceed with the Nafid @ program designed to subsidise computer equipment and internet connection for teaching staff, helping them use and integrate multimedia resources in teaching and learning subsidise mobile computers and internet connection for engineering students or similars"
169,Morocco_2013_Maroc_CyberSecurity_2013_ENG.pdf,31," Provide offers to enable engineering, students and similars in science and IT to purchase subsidised laptops and internet connection"
170,Morocco_2013_Maroc_CyberSecurity_2013_ENG.pdf,31,"Over the 2009-2013 period, around 80 000 engineering students and similars will benefit from this "
171,Morocco_2013_Maroc_CyberSecurity_2013_ENG.pdf,31," I t a l M, o r, o c c, o The National Strategy for Information Society and Digital Economy 2009-2013"
172,Morocco_2013_Maroc_CyberSecurity_2013_ENG.pdf,32,Initiative 2 mobilising public and private actors around attractive it access opportunities for each socio- professional category; 
173,Morocco_2013_Maroc_CyberSecurity_2013_ENG.pdf,32,"The rapid introduction of internet broadband infrastructure should be considered in relation to an optimal digital development of the territory and to reduced cost for internet broadband access, especially in moderately populated zones"
174,Morocco_2013_Maroc_CyberSecurity_2013_ENG.pdf,32," Given that cost for a large section of the population is one of the major barriers to computer purchasing and internet access within the framework of the public-private partnership, the government will ensure that attractive and suitable offers, such as computer plus internet, are available to different sections of The population, Similarly, the introduction of public community access centres drawing on existing telecom infrastructure, will extend access to new technologies to a wider range of citizens"
175,Morocco_2013_Maroc_CyberSecurity_2013_ENG.pdf,32,"These facilities will focus, notably on zones where offers of household internet access are not available or financially inaccessible"
176,Morocco_2013_Maroc_CyberSecurity_2013_ENG.pdf,33,The National Strategy for Information Society and Digital Economy 2009-2013 
177,Morocco_2013_Maroc_CyberSecurity_2013_ENG.pdf,33,Initiative 2 mobilising public and private actors around attractive it access opportunities for each socio- professional category; 
178,Morocco_2013_Maroc_CyberSecurity_2013_ENG.pdf,33,Adopt policies focused on the 
179,Morocco_2013_Maroc_CyberSecurity_2013_ENG.pdf,33,"Define the broad lines of the development of broadband by catagory of the zone, ( low-cost residential development of broadband by category of the zone and income levels, tourism, offshoring, etc"
180,Morocco_2013_Maroc_CyberSecurity_2013_ENG.pdf,33,"Rationalise investment to provide access in scarcely or moderately populated zones through the public-private partnership, and/or infrastructure sharing, "
181,Morocco_2013_Maroc_CyberSecurity_2013_ENG.pdf,33,Make available attractive offers within the framework of public-private partnership such as computer 
182,Morocco_2013_Maroc_CyberSecurity_2013_ENG.pdf,33,"Plus internet suitable to different sections of the population, ( civil servants, pensioners, retired, promote internet access and it use outside the home"
183,Morocco_2013_Maroc_CyberSecurity_2013_ENG.pdf,33," By setting up community access, centers Set up 400 public community access centres, ( CAC ) over the 2009-2013 period"
184,Morocco_2013_Maroc_CyberSecurity_2013_ENG.pdf,33," Each CAC will be equipped with computers, internet access and telephone sets"
185,Morocco_2013_Maroc_CyberSecurity_2013_ENG.pdf,33," The launch of these CAC will rely on public infrastructure, enabling private operators to provide affordable multimedia services to citizens, ( youth centres, girls residences, post offices, "
186,Morocco_2013_Maroc_CyberSecurity_2013_ENG.pdf,33," I t a l M, o r, o c c, o The National Strategy for Information Society and Digital Economy 2009-2013"
187,Morocco_2013_Maroc_CyberSecurity_2013_ENG.pdf,34,"Initiative 3, developing national digital content, Internet penetration and development of national content are very closely linked, Primarily destined to Moroccan citizens"
188,Morocco_2013_Maroc_CyberSecurity_2013_ENG.pdf,34, Such digital content must meet specific needs and expectations so as to naturally draw interest and arouse curiosity
189,Morocco_2013_Maroc_CyberSecurity_2013_ENG.pdf,34,"This would entail the development of attractive online content, as well as the digitalisation of historical and cultural heritage, a major challenge in terms of visibility and attractiveness of different geographical areas and, more generally, in terms of access to knowledge"
190,Morocco_2013_Maroc_CyberSecurity_2013_ENG.pdf,34," The development of national digital content must combine governmental action, private initiative and international partnerships - 34"
191,Morocco_2013_Maroc_CyberSecurity_2013_ENG.pdf,35,The National Strategy for Information Society and Digital Economy 2009-2013 
192,Morocco_2013_Maroc_CyberSecurity_2013_ENG.pdf,35,Initiative: 3 developing national digital content Actions; 
193,Morocco_2013_Maroc_CyberSecurity_2013_ENG.pdf,35,"Support the development of digital informational content, Develop regional/ local content, Adopt a policy to systematically translate public websites into Arabic Support the Moroccan media within the framework of public-private partnership to provide and disseminate updated information in real and interactive time"
194,Morocco_2013_Maroc_CyberSecurity_2013_ENG.pdf,35, Support the development of digital entertainment content
195,Morocco_2013_Maroc_CyberSecurity_2013_ENG.pdf,35," Mobilise private operators, ( TV and Radio ) to offer attractive content on the net implementation of video on demand"
196,Morocco_2013_Maroc_CyberSecurity_2013_ENG.pdf,35, ( VOD ) give the right of access to podcast support the development of 
197,Morocco_2013_Maroc_CyberSecurity_2013_ENG.pdf,35,"Make the Moroccan cultural heritage, ( museums, public libraries, ) on line with the contribution of educational content? "
198,Morocco_2013_Maroc_CyberSecurity_2013_ENG.pdf,35,National and international partners 
199,Morocco_2013_Maroc_CyberSecurity_2013_ENG.pdf,35,Create educational content platforms; 
200,Morocco_2013_Maroc_CyberSecurity_2013_ENG.pdf,35," I t a l M, o r, o c c, o The National Strategy for Information Society and Digital Economy 2009-2013"
201,Morocco_2013_Maroc_CyberSecurity_2013_ENG.pdf,36,"2- User-oriented public services, "
202,Morocco_2013_Maroc_CyberSecurity_2013_ENG.pdf,36,3- performance of small and medium-sized Enterprises 4- - it industry 
203,Morocco_2013_Maroc_CyberSecurity_2013_ENG.pdf,37,The National Strategy for Information Society and Digital Economy 2009-2013 
204,Morocco_2013_Maroc_CyberSecurity_2013_ENG.pdf,37,"Among the 192 UN member states, morocco is ranked 140th in terms of e-government, E-government maturity, international benchmarking Score out of 1 2008 "
205,Morocco_2013_Maroc_CyberSecurity_2013_ENG.pdf,37,This ranking illustrates the difficulties faced by the Moroccan administration in terms of Improving its efficiency
206,Morocco_2013_Maroc_CyberSecurity_2013_ENG.pdf,37,"Developing online services for both individual citizens and enterprises, "
207,Morocco_2013_Maroc_CyberSecurity_2013_ENG.pdf,37,Index of e-government services offering 
208,Morocco_2013_Maroc_CyberSecurity_2013_ENG.pdf,37,"Sources: UN e-Government Survey, 2008 D: i g"
209,Morocco_2013_Maroc_CyberSecurity_2013_ENG.pdf,37," I t a l M, o r, o c c, o The National Strategy for Information Society and Digital Economy; 2009-2013"
210,Morocco_2013_Maroc_CyberSecurity_2013_ENG.pdf,38,"Reconcile the moroccan administration with users needs in terms of efficiency, quality and transparency through an ambitious e-government program"
211,Morocco_2013_Maroc_CyberSecurity_2013_ENG.pdf,38,"Number of e-Government Projects and Services % of enterprises achieving a turnover of more than MAD 120 million by using transactional services Number of e-Government sites, ranked among the top 100 "
212,Morocco_2013_Maroc_CyberSecurity_2013_ENG.pdf,39,The National Strategy for Information Society and Digital Economy 2009-2013 
213,Morocco_2013_Maroc_CyberSecurity_2013_ENG.pdf,39,The fulfilment of identified ambitions requires the implementation of 3 key initiatives
214,Morocco_2013_Maroc_CyberSecurity_2013_ENG.pdf,39," Initiative 1 Setting up a steering committee in charge of the e-government program Initiative, 2, Implement 15 key flagship services and projects by 2011 Initiative 3 Implement all the e-government services and projects by 2013 D"
215,Morocco_2013_Maroc_CyberSecurity_2013_ENG.pdf,39," I g, i t a l M, o r, o c c, o The National Strategy for Information Society and Digital Economy 2009-2013"
216,Morocco_2013_Maroc_CyberSecurity_2013_ENG.pdf,40,Initiative 1 setting up a steering committee in charge of the e-government program Beyond computerising existing processes and procedures
217,Morocco_2013_Maroc_CyberSecurity_2013_ENG.pdf,40, E-Government requires their indepth reconfiguration on the basis of a real understanding of the public administration
218,Morocco_2013_Maroc_CyberSecurity_2013_ENG.pdf,40,"This also requires transversal collaboration between the administrations and relevant bodies, as well as a vision shared between the different entities"
219,Morocco_2013_Maroc_CyberSecurity_2013_ENG.pdf,40, Governance dedicated to e-government projects is thus imperative to ensure the design of a global strategy and the allocation of necessary funds and to manage the effective implementation of decision making process
220,Morocco_2013_Maroc_CyberSecurity_2013_ENG.pdf,40," The principles of such governance are as follows: Define the governments, common vision and a coherent action plan taking into account government priorities, Optimise operation and investment costs of e-government services and projects Adopt a personalised approach with the different ministries, administrations and local collectivities to assist them in Implementing their projects and operating their e-government services, "
221,Morocco_2013_Maroc_CyberSecurity_2013_ENG.pdf,40,"Be accountable for the results obtained with respect to the defined objectives and to the means of implementation, Manage transversal missions with different ministries and administrations; 40"
222,Morocco_2013_Maroc_CyberSecurity_2013_ENG.pdf,41,The National Strategy for Information Society and Digital Economy 2009-2013 
223,Morocco_2013_Maroc_CyberSecurity_2013_ENG.pdf,41,Initiative 1 setting up a steering committee in charge of the e-government program Actions
224,Morocco_2013_Maroc_CyberSecurity_2013_ENG.pdf,41,"Put in place a governance structure for e-government program, "
225,Morocco_2013_Maroc_CyberSecurity_2013_ENG.pdf,41,Set up steering committees for e-government program as of 2009 
226,Morocco_2013_Maroc_CyberSecurity_2013_ENG.pdf,41,Interministerial Committee for e-governement 
227,Morocco_2013_Maroc_CyberSecurity_2013_ENG.pdf,41,"Follow-Up and assistance of SPGOV with their projects, implementation, "
228,Morocco_2013_Maroc_CyberSecurity_2013_ENG.pdf,41,Steering Committee for e-government 
229,Morocco_2013_Maroc_CyberSecurity_2013_ENG.pdf,41,"Responsible for the projects management, "
230,Morocco_2013_Maroc_CyberSecurity_2013_ENG.pdf,41,"Responsible for the projects management, "
231,Morocco_2013_Maroc_CyberSecurity_2013_ENG.pdf,41,"Responsible for the projects management, "
232,Morocco_2013_Maroc_CyberSecurity_2013_ENG.pdf,41," I t a l M, o r, o c c, o The National Strategy for Information Society and Digital Economy 2009-2013"
233,Morocco_2013_Maroc_CyberSecurity_2013_ENG.pdf,42,Initiative 1 setting up a steering committee in charge of the e-government program Actions
234,Morocco_2013_Maroc_CyberSecurity_2013_ENG.pdf,42,"Put in place a governance structure for e-government program, "
235,Morocco_2013_Maroc_CyberSecurity_2013_ENG.pdf,42,"The National Strategy for Information Society and Digital Economy, 2009-2013 Roles and responsibilities of steering entities, E-Government, Interministerial Committee, CIGOV "
236,Morocco_2013_Maroc_CyberSecurity_2013_ENG.pdf,42,E-Government Steering Committee DPGOV 
237,Morocco_2013_Maroc_CyberSecurity_2013_ENG.pdf,42,"Set target and assesses Spell out vision and ambitions, Define the strategy and action plan Ensure the allocation of necessary means and resources"
238,Morocco_2013_Maroc_CyberSecurity_2013_ENG.pdf,42," Carrie out interdepartmental arbitration, Assess results and reorient undergoing programs difficulties steer the implementation of the entire program"
239,Morocco_2013_Maroc_CyberSecurity_2013_ENG.pdf,42, Prepare e-government strategy Propose action plan and assesses the necessary means Follow up
240,Morocco_2013_Maroc_CyberSecurity_2013_ENG.pdf,42," The implementation of the defined plan Highlight and draw on interdepartmental synergies, Prepare results, assessment, E-government Steering, Structure, SPGOV in each ministry or public institution steer the implementation within its entity"
241,Morocco_2013_Maroc_CyberSecurity_2013_ENG.pdf,42," Prepare the ministrys or public institutions strategy, Propose action plan and evaluate the necessary means"
242,Morocco_2013_Maroc_CyberSecurity_2013_ENG.pdf,42, Follow up the implementation of the defined plan Report to CIGOV on achievements as well as discrepancies with the initial plan? 
243,Morocco_2013_Maroc_CyberSecurity_2013_ENG.pdf,43,"Initiative: 2 implement 15 keys, flagships services and projects by 2011 Actions"
244,Morocco_2013_Maroc_CyberSecurity_2013_ENG.pdf,43,"Implement 15 key projects, "
245,Morocco_2013_Maroc_CyberSecurity_2013_ENG.pdf,43,"List of the 15 services and projects, Services that improve efficiency and reduce administration costs, Integrated management of public expenditure, Purchasing pool for administrations Online bidding for public tenders, Setting up an electronic certification authority, Common identifiers and inter-operability among administrations, Services that facilitate administrative procedures for enterprises, Employee Online social claims Online VAT claims Online Customs declaration, Paying Corporate Tax and Income Tax Enterprise creation, Digitalisation of import and export procedures, Services that put in place an administration at the service of individual citizens, Civil registry and local collectivities information systems, E-learning platform and online registration"
246,Morocco_2013_Maroc_CyberSecurity_2013_ENG.pdf,43," Health service refunds, Electronic consulate, ( consulat D"
247,Morocco_2013_Maroc_CyberSecurity_2013_ENG.pdf,43," I t a l M, o r, o c c, o The National Strategy for Information Society and Digital Economy; 2009-2013"
248,Morocco_2013_Maroc_CyberSecurity_2013_ENG.pdf,44,Initiative 3 implement all the e-government services and projects by 2013 Actions
249,Morocco_2013_Maroc_CyberSecurity_2013_ENG.pdf,44,"Implement by 2013, the 89 projects and services, including 40 transactional services"
250,Morocco_2013_Maroc_CyberSecurity_2013_ENG.pdf,44,", The transactional services focuse on improving the efficiency of the delivery of frontline services, which represent the most common interaction between the citizen/business and the administration, Expected launch calendar -2009-2013-"
251,Morocco_2013_Maroc_CyberSecurity_2013_ENG.pdf,45,The National Strategy for Information Society and Digital Economy 2009-2013 
252,Morocco_2013_Maroc_CyberSecurity_2013_ENG.pdf,45,2- User-oriented public service 
253,Morocco_2013_Maroc_CyberSecurity_2013_ENG.pdf,45,"3- productivity of small and medium Enterprises - 4- - it industry, "
254,Morocco_2013_Maroc_CyberSecurity_2013_ENG.pdf,45," I t a l M, o r, o c c, o The National Strategy for Information Society and Digital Economy 2009-2013"
255,Morocco_2013_Maroc_CyberSecurity_2013_ENG.pdf,46,"The under-computerisation of moroccan Enterprises has led to stagnant labour productivity, which undermines economic competitiveness"
256,Morocco_2013_Maroc_CyberSecurity_2013_ENG.pdf,46,"It expenses in Morocco, "
257,Morocco_2013_Maroc_CyberSecurity_2013_ENG.pdf,46,"Expected added value growth, ( 2 ) "
258,Morocco_2013_Maroc_CyberSecurity_2013_ENG.pdf,46,"Labour Productivity trend -1987-2005 US $ per hour of work, AARG* 87/05 "
259,Morocco_2013_Maroc_CyberSecurity_2013_ENG.pdf,46,"Banking nance Insurance, real estate, "
260,Morocco_2013_Maroc_CyberSecurity_2013_ENG.pdf,46,"Business Process Offshoring Energy, "
261,Morocco_2013_Maroc_CyberSecurity_2013_ENG.pdf,46,Tourism and the hotel industry 
262,Morocco_2013_Maroc_CyberSecurity_2013_ENG.pdf,46,"Education, health, Social action, "
263,Morocco_2013_Maroc_CyberSecurity_2013_ENG.pdf,46,The National Strategy for Information Society and Digital Economy 2009-2013 
264,Morocco_2013_Maroc_CyberSecurity_2013_ENG.pdf,47,"*Aarg Annual Average Rate of Growth Note ( 1 ), Including hardware expenditure, Note ( 2 ) Added-value Source, APEBI, Gartner, IDC, WITSA OCDE, Word Bank, The Conference Board EIU ILO Analyses AT Kearney, "
265,Morocco_2013_Maroc_CyberSecurity_2013_ENG.pdf,47,Sme investment in it is hindered by lack of awareness as to its profitability and by resistance to change
266,Morocco_2013_Maroc_CyberSecurity_2013_ENG.pdf,47, The low use of IT in the SME is mainly due to the fact that managers do not believe that investing in IT is very profitable
267,Morocco_2013_Maroc_CyberSecurity_2013_ENG.pdf,47, The SME manager does not know which application suits their needs and fails to see the relation between the benefits that such investment generates to the business and its long term benefits with the corresponding costs
268,Morocco_2013_Maroc_CyberSecurity_2013_ENG.pdf,47, General Manager of a Computer Service Company 
269,Morocco_2013_Maroc_CyberSecurity_2013_ENG.pdf,47,"Many SMEs in Morocco have not been able to adapt to Manager of a well-known Moroccan software design company, the new changes"
270,Morocco_2013_Maroc_CyberSecurity_2013_ENG.pdf,47,", A good number of Moroccan enterprises still use pen and paper and never consider acquiring a computer To make the best of IT"
271,Morocco_2013_Maroc_CyberSecurity_2013_ENG.pdf,47, Investment enterprises should first reach a certain maturity and have an optimised production tool and well established processes
272,Morocco_2013_Maroc_CyberSecurity_2013_ENG.pdf,47," The majority of Moroccan SMEs, especially small ones, are far from this level of perception"
273,Morocco_2013_Maroc_CyberSecurity_2013_ENG.pdf,47, Designer of a Moroccan software
274,Morocco_2013_Maroc_CyberSecurity_2013_ENG.pdf,47,Many small enterprises are used to have liberties with tax regulations
275,Morocco_2013_Maroc_CyberSecurity_2013_ENG.pdf,47," Computerisation, especially that of their taxation would oblige them to be more transparent, and that could be another reason for their reticence, Manager of a well-known Moroccan software design"
276,Morocco_2013_Maroc_CyberSecurity_2013_ENG.pdf,47," I t a l M, o r, o c c, o The National Strategy for Information Society and Digital Economy 2009-2013"
277,Morocco_2013_Maroc_CyberSecurity_2013_ENG.pdf,48,Encourage smEs computerisation in order to increase their productivity and improve their competitiveness
278,Morocco_2013_Maroc_CyberSecurity_2013_ENG.pdf,48,Number of SMEs in the sector with a strong GDP potential and which have business solutions
279,Morocco_2013_Maroc_CyberSecurity_2013_ENG.pdf,48,Number of SME managers who have obtained a digital licence 
280,Morocco_2013_Maroc_CyberSecurity_2013_ENG.pdf,49,The National Strategy for Information Society and Digital Economy 2009-2013 
281,Morocco_2013_Maroc_CyberSecurity_2013_ENG.pdf,49,The fulfilment of identified ambitions requires the implementation of 3 key initiatives
282,Morocco_2013_Maroc_CyberSecurity_2013_ENG.pdf,49, Initiative 1 Support the computerisation of SMEs that have branches with strong GDP potential
283,Morocco_2013_Maroc_CyberSecurity_2013_ENG.pdf,49,Initiative: 2 Mobilise prescribers 
284,Morocco_2013_Maroc_CyberSecurity_2013_ENG.pdf,49,Initiative 3 Sensitise initiate and incite enterprises to use IT D
285,Morocco_2013_Maroc_CyberSecurity_2013_ENG.pdf,49," I g, i t a l M, o r, o c c, o The National Strategy for Information Society and Digital Economy 2009-2013"
286,Morocco_2013_Maroc_CyberSecurity_2013_ENG.pdf,50,Initiative 1 support the computerisation of smEs that have branches with strong gdp
287,Morocco_2013_Maroc_CyberSecurity_2013_ENG.pdf,50, Potential Focus will be on enterprises that are structured in branches that have strong GDP potential
288,Morocco_2013_Maroc_CyberSecurity_2013_ENG.pdf,50," These have been identified according to the following criteria: size of the sector of activity and its impact on the Moroccan economy, potential for productivity gains and favourable conditions for implementation"
289,Morocco_2013_Maroc_CyberSecurity_2013_ENG.pdf,50," For these branches, sectoral business solutions will be proposed in partnership with professional associations, To facilitate the choice of IT"
290,Morocco_2013_Maroc_CyberSecurity_2013_ENG.pdf,50, Investments for SME guides offering information on the costs and benefits of different business solutions and the listing of the most appropriate providers for products and services will be published
291,Morocco_2013_Maroc_CyberSecurity_2013_ENG.pdf,51,The National Strategy for Information Society and Digital Economy 2009-2013 
292,Morocco_2013_Maroc_CyberSecurity_2013_ENG.pdf,51,Initiative 1 support the computerisation of smEs that have branches with strong gdp potential Actions
293,Morocco_2013_Maroc_CyberSecurity_2013_ENG.pdf,51,"Identify sectoral business solutions for branches with strong GDP potential such as textile leather solutions for branches with strong gdp potential, food industry, automotive, etc"
294,Morocco_2013_Maroc_CyberSecurity_2013_ENG.pdf,51," Investment by sector based smEs Provide subsidies to acquire sector based computerization solutions that will go up to 60 % of the IT investment leveling off at around 400,000 MAD"
295,Morocco_2013_Maroc_CyberSecurity_2013_ENG.pdf,51, This subsidy program can use the platform of Moussanada* disseminate information on 
296,Morocco_2013_Maroc_CyberSecurity_2013_ENG.pdf,51,Design and implement communication plans about the identified sector based offers to sensitise designed sector based offers
297,Morocco_2013_Maroc_CyberSecurity_2013_ENG.pdf,51,"Smes to the benefits of IT, investments, *See the Industrial Emergence Pact, measure 58 D"
298,Morocco_2013_Maroc_CyberSecurity_2013_ENG.pdf,51," I t a l M, o r, o c c, o The National Strategy for Information Society and Digital Economy; 2009-2013"
299,Morocco_2013_Maroc_CyberSecurity_2013_ENG.pdf,52,"Initiative 2 mobilise the prescribers, Mobilizing private and public prescribers, (, professional associations, contractors etc"
300,Morocco_2013_Maroc_CyberSecurity_2013_ENG.pdf,52," ) will promote, relay and accelerate SME computerisation, Firstly by inciting professional associations, accounting experts, etc"
301,Morocco_2013_Maroc_CyberSecurity_2013_ENG.pdf,52, to recommend IT to SMEs
302,Morocco_2013_Maroc_CyberSecurity_2013_ENG.pdf,52," Secondly, by asking main contractors to incite their SMEs providers to favour the use of electronic data exchanges - 52 Digital Morocco, "
303,Morocco_2013_Maroc_CyberSecurity_2013_ENG.pdf,53,The National Strategy for Information Society and Digital Economy 2009-2013 
304,Morocco_2013_Maroc_CyberSecurity_2013_ENG.pdf,53,Initiative 2 mobilise the prescribers Actions
305,Morocco_2013_Maroc_CyberSecurity_2013_ENG.pdf,53,Assist smEs supplying providers of the main contractors that are engaged in dematerialisation projects involve main contractors to incite very small Enterprises to be equipped
306,Morocco_2013_Maroc_CyberSecurity_2013_ENG.pdf,53,"Support SMEs in their projects of electronic exchange, dematerialisation with their main contractors, initiation, consulting, etc"
307,Morocco_2013_Maroc_CyberSecurity_2013_ENG.pdf,53,"Use the influence of the main contractors to incite Very Small Enterprises to acquire basic equipment tools, ( computers, basic applications, ) "
308,Morocco_2013_Maroc_CyberSecurity_2013_ENG.pdf,53,"The fist phase of this project will be in the Commercial branch which will be a follow up of the Rawaj program on equipment and upgrading of proximity-based commerce, involve professional associations in smEs"
309,Morocco_2013_Maroc_CyberSecurity_2013_ENG.pdf,53, Endorsement to it Implement a communication plans around IT benefits among the members of professional associations
310,Morocco_2013_Maroc_CyberSecurity_2013_ENG.pdf,53,"Develop an IT correspondent network at the level of professional associations to promote IT, culture in Small and Medium Enterprises"
311,Morocco_2013_Maroc_CyberSecurity_2013_ENG.pdf,53," I t a l M, o r, o c c, o The National Strategy for Information Society and Digital Economy 2009-2013"
312,Morocco_2013_Maroc_CyberSecurity_2013_ENG.pdf,54,Initiative 3 sensitise initiate and encourage enterprises to use it
313,Morocco_2013_Maroc_CyberSecurity_2013_ENG.pdf,54," Lack of awareness on IT benefits and resistance to change have been identified as the main obstacles to the computerisation of SMEs To overcome these obstacles, awarness and tailored IT, training programs will be proposed mainly a free national initiation program for SME managers to switch to IT"
314,Morocco_2013_Maroc_CyberSecurity_2013_ENG.pdf,54,"In addition, the introdution of services of e-government program 2009-2013, especially services designed for enterprises, will further promote SMEs, computerisation "
315,Morocco_2013_Maroc_CyberSecurity_2013_ENG.pdf,55,The National Strategy for Information Society and Digital Economy 2009-2013 
316,Morocco_2013_Maroc_CyberSecurity_2013_ENG.pdf,55,Sme Productivity Initiatives and Action 
317,Morocco_2013_Maroc_CyberSecurity_2013_ENG.pdf,55,Initiative 3 sensitise initiate and encourage enterprises to use it Actions
318,Morocco_2013_Maroc_CyberSecurity_2013_ENG.pdf,55,Train it correspondents and 
319,Morocco_2013_Maroc_CyberSecurity_2013_ENG.pdf,55,"Put in place training programs targeting IT correspondents of professional associations and accounting accounting experts, "
320,Morocco_2013_Maroc_CyberSecurity_2013_ENG.pdf,55,Initiate smE managers to use 
321,Morocco_2013_Maroc_CyberSecurity_2013_ENG.pdf,55,"It the digital license, "
322,Morocco_2013_Maroc_CyberSecurity_2013_ENG.pdf,55,"Provide free offers of IT initiation to SME managers At the end of the training programs, trainees will receive a digital license which gives them access to personalised backing to the SME support plans Upgrade the legal framework to encourage the use of online services, Adjust the legal framework To encourage SME to use online services, especially for the payment of taxes and charges, "
323,Morocco_2013_Maroc_CyberSecurity_2013_ENG.pdf,55," I t a l M, o r, o c c, o The National Strategy for Information Society and Digital Economy 2009-2013"
324,Morocco_2013_Maroc_CyberSecurity_2013_ENG.pdf,56,2- User-oriented public service 
325,Morocco_2013_Maroc_CyberSecurity_2013_ENG.pdf,56,"3- productivity of small and medium Enterprises - 4- - it industry, "
326,Morocco_2013_Maroc_CyberSecurity_2013_ENG.pdf,57,The National Strategy for Information Society and Digital Economy 2009-2013 
327,Morocco_2013_Maroc_CyberSecurity_2013_ENG.pdf,57,"Moroccan it, industry suffers from a weak domestic demand and a limited export opportunity, Fragmented"
328,Morocco_2013_Maroc_CyberSecurity_2013_ENG.pdf,57,Limited domestic demand largely catered by the import of high added value projects
329,Morocco_2013_Maroc_CyberSecurity_2013_ENG.pdf,57, Export is limited and has not reached the critical mass to compete at the international level
330,Morocco_2013_Maroc_CyberSecurity_2013_ENG.pdf,57," It offshoring has shown rapid growth, creating tension on the market"
331,Morocco_2013_Maroc_CyberSecurity_2013_ENG.pdf,57," It offshoring growth has exceeded expectations, ( +270 % of turnover based on 2008 forecast )"
332,Morocco_2013_Maroc_CyberSecurity_2013_ENG.pdf,57, The rapid installation of offshorers has induced competition on qualified IT resources
333,Morocco_2013_Maroc_CyberSecurity_2013_ENG.pdf,57, Special attention should be given to offshorers already installed D
334,Morocco_2013_Maroc_CyberSecurity_2013_ENG.pdf,57," I g, i t a l M, o r, o c c, o The National Strategy for Information Society and Digital Economy 2009-2013"
335,Morocco_2013_Maroc_CyberSecurity_2013_ENG.pdf,58,Develop local it branches by sustaining creation and growth of local actors and by creating areas of excellence with high export potential
336,Morocco_2013_Maroc_CyberSecurity_2013_ENG.pdf,58,"Jobs in the sector, "
337,Morocco_2013_Maroc_CyberSecurity_2013_ENG.pdf,58,"Number of created start ups, "
338,Morocco_2013_Maroc_CyberSecurity_2013_ENG.pdf,58,"Number of created start ups in niches of excellence, Number of enterprises achieving a turnover of >, MAD 1 billion "
339,Morocco_2013_Maroc_CyberSecurity_2013_ENG.pdf,59,The National Strategy for Information Society and Digital Economy 2009-2013 
340,Morocco_2013_Maroc_CyberSecurity_2013_ENG.pdf,59,The fulfilment of identified ambitions requires the implementation of 3 key initiatives
341,Morocco_2013_Maroc_CyberSecurity_2013_ENG.pdf,59," Initiative 1 Facilitate the development of local IT actors, Initiative 2, Develop niches of excellence, Initiative 3 Boost and develop IT"
342,Morocco_2013_Maroc_CyberSecurity_2013_ENG.pdf,59," Offshoring D: i g, i t a l M, o r, o c c, o The National Strategy for Information Society and Digital Economy 2009-2013"
343,Morocco_2013_Maroc_CyberSecurity_2013_ENG.pdf,60,"Initiative 1 facilitate the development of local it actors, A package for initial financing and development will be provided to enable Moroccan start ups and small-size enterprises facing problems in raising funds to carry out their first development phase"
344,Morocco_2013_Maroc_CyberSecurity_2013_ENG.pdf,60," The government will also promote the set up of technoparks and incubation structures that provide entrepreneurs, installation and coaching services that are adapted to their needs, Also to encourage enterprise growth assistance, services for export will be reinforced and public demand will be used as a mean in order To assist local "
345,Morocco_2013_Maroc_CyberSecurity_2013_ENG.pdf,61,The National Strategy for Information Society and Digital Economy 2009-2013 
346,Morocco_2013_Maroc_CyberSecurity_2013_ENG.pdf,61,"Initiative 1 facilitate the development of local, it actors, Actions "
347,Morocco_2013_Maroc_CyberSecurity_2013_ENG.pdf,61,"Implement national governance for the coordination and follow-up of support and development schemes, Innovation supported partially by the Innovation Fund of the APEBI-Government Progress, Contract, Research and Development, supported by R & D Funds drawn from the contribution of telecom operators"
348,Morocco_2013_Maroc_CyberSecurity_2013_ENG.pdf,61,Set up financing solutions for 
349,Morocco_2013_Maroc_CyberSecurity_2013_ENG.pdf,61,"Set up public-private investment funds such as risk capital and venture capital designed for new IT, it actors "
350,Morocco_2013_Maroc_CyberSecurity_2013_ENG.pdf,61,A first 100 million MAD public-private risk capital to be concretised in 2009
351,Morocco_2013_Maroc_CyberSecurity_2013_ENG.pdf,61," Additionally, and on the basis of contract of growth IT sector enterprises will be granted an investment bonus within the framework of the IMTIAZ* program set up regional technoparks"
352,Morocco_2013_Maroc_CyberSecurity_2013_ENG.pdf,61,"Set up attractive, technoparks that offer good quality infrastructure and general services for IT, enterprises and start ups"
353,Morocco_2013_Maroc_CyberSecurity_2013_ENG.pdf,61,"Like Casablanca-Technopark 8 new potential technopark sites have been planned in Casablanca, Rabat, Agadir, Oujda, Tangier Marrakech, Fez and Meknes * See the National Pact for Industrial Emergence article 57 D"
354,Morocco_2013_Maroc_CyberSecurity_2013_ENG.pdf,61," I t a l M, o r, o c c, o The National Strategy for Information Society and Digital Economy 2009-2013"
355,Morocco_2013_Maroc_CyberSecurity_2013_ENG.pdf,62,"Initiative 1 facilitate the development of local, it actors, Actions "
356,Morocco_2013_Maroc_CyberSecurity_2013_ENG.pdf,62,"Improve and adapt the legal framework to the specificities of the it sector, promote the culture of entrepreneurship and innovation Put in place a regulatory framework in line with research and innovation, Promote the culture of entrepreneurship and innovation by integrating specific courses and modules in curricula and high Education programs, and by setting up university incubators, set up assistance services for "
357,Morocco_2013_Maroc_CyberSecurity_2013_ENG.pdf,62,"Set up assistance services for export in the field, Consulting and market benchmarking surveys, Promotion at the international level of the Moroccan IT sector brought inpar by APEBI-Government Progress; Contract "
358,Morocco_2013_Maroc_CyberSecurity_2013_ENG.pdf,63,The National Strategy for Information Society and Digital Economy 2009-2013 
359,Morocco_2013_Maroc_CyberSecurity_2013_ENG.pdf,63,Initiative 2 develop niches of excellence
360,Morocco_2013_Maroc_CyberSecurity_2013_ENG.pdf,63," This has to do with positioning Morocco on the IT world stage by focusing on the creation of areas of excellence centered on technology niches, where Morocco may enjoy a competitive edge"
361,Morocco_2013_Maroc_CyberSecurity_2013_ENG.pdf,63," The challenge is enormous, given the size of Moroccan actors in this field compared to international competitors"
362,Morocco_2013_Maroc_CyberSecurity_2013_ENG.pdf,63," Nevertheless, Morocco must make smart approches and master its investment choices in order to use efficiently and effectively the public resources"
363,Morocco_2013_Maroc_CyberSecurity_2013_ENG.pdf,63," The government has identified priority technology niches to put in place through areas of excellence based on an ecosystem which includes industrial contractors, universities and researchers, and IT start ups"
364,Morocco_2013_Maroc_CyberSecurity_2013_ENG.pdf,63, This ecosystem will be fully integrated with international scientific networks and will have a public-private governance structure to guarantee the viability of start up projects
365,Morocco_2013_Maroc_CyberSecurity_2013_ENG.pdf,63, These small enterprises will then have easy access to international markets and benefit from Moroccos sustained efforts to promote the sector internationally D
366,Morocco_2013_Maroc_CyberSecurity_2013_ENG.pdf,63," I g, i t a l M, o r, o c c, o The National Strategy for Information Society and Digital Economy 2009-2013"
367,Morocco_2013_Maroc_CyberSecurity_2013_ENG.pdf,64,"Initiative: 2 develop niches of excellence, Actions "
368,Morocco_2013_Maroc_CyberSecurity_2013_ENG.pdf,64,"Set up it clusters, "
369,Morocco_2013_Maroc_CyberSecurity_2013_ENG.pdf,64,"Put in place a mixed governance structure involving different actors, government corporations, SMEs, universities, aimed at helping with the creation of innovative and high-added value projects in the following four niches of excellence: Mobile services, Electrobanking/ management of digital copyrights/ security, Web design/, computer graphics, / Multimedia Domestic developped, Softwares to meet the needs of government and enterprises put in place a financing "
370,Morocco_2013_Maroc_CyberSecurity_2013_ENG.pdf,64,Scheme designed for activities developed in the clusters Put in place financing modalities for projects developed in the clusters by using the innovation funds that are set up within the framework of APEBI-Government Progress Contract and the R & D funds drawn from the contributions of Telecom operators
371,Morocco_2013_Maroc_CyberSecurity_2013_ENG.pdf,65,The National Strategy for Information Society and Digital Economy 2009-2013 
372,Morocco_2013_Maroc_CyberSecurity_2013_ENG.pdf,65,"Initiative 3 boost and develop it offshoring, Morocco values most specifically the success of actors and operators already installed as those contribute to enhance the credibility of Morocco as an investment destination and to ensure its sustainability To ensure and reinforce Moroccos competitiveness"
373,Morocco_2013_Maroc_CyberSecurity_2013_ENG.pdf,65, The Government has accelerated the adoption of legal regulations to protect personnal data Generally
374,Morocco_2013_Maroc_CyberSecurity_2013_ENG.pdf,65, Morocco will continue to enhance the competitiveness of its incentive and legal framework In this respect
375,Morocco_2013_Maroc_CyberSecurity_2013_ENG.pdf,65, Speeding up the implementation of infrastructure of dedicated zones is also a priority
376,Morocco_2013_Maroc_CyberSecurity_2013_ENG.pdf,65," Training, skilled human resources will be accelerated and the mechanism to ensure training homogeneity will be reinforced"
377,Morocco_2013_Maroc_CyberSecurity_2013_ENG.pdf,65," Finally, the government will focus and structure the promotion of Morocco as a destination offer and will communicate on the operational assistance mechanisms for the implementation and the development of operators D"
378,Morocco_2013_Maroc_CyberSecurity_2013_ENG.pdf,65," I g, i t a l M, o r, o c c, o The National Strategy for Information Society and Digital Economy 2009-2013"
379,Morocco_2013_Maroc_CyberSecurity_2013_ENG.pdf,66,Initiative 3 boost and develop it offshoring Actions 
380,Morocco_2013_Maroc_CyberSecurity_2013_ENG.pdf,66,Implement the law related to 
381,Morocco_2013_Maroc_CyberSecurity_2013_ENG.pdf,66,"Ensure legal and legislative regulations in compliance with international norms and standards to personal data protection, "
382,Morocco_2013_Maroc_CyberSecurity_2013_ENG.pdf,66,Protect the personnal data 
383,Morocco_2013_Maroc_CyberSecurity_2013_ENG.pdf,66,"Maintain dynamically the competitiveness of Morocco, offshoring offer* of morocco as offshoring destination; "
384,Morocco_2013_Maroc_CyberSecurity_2013_ENG.pdf,66,Provide sufficient and quality 
385,Morocco_2013_Maroc_CyberSecurity_2013_ENG.pdf,66,Set up additional capacities* 
386,Morocco_2013_Maroc_CyberSecurity_2013_ENG.pdf,66,Meet the needs of qualified 
387,Morocco_2013_Maroc_CyberSecurity_2013_ENG.pdf,66,"Train human resources in terms of quality and quantity, to reinforce the development of IT, human resources, "
388,Morocco_2013_Maroc_CyberSecurity_2013_ENG.pdf,66,( * ) See the National Pact for Industrial Emergence measure 1 measure 6 and measure 2 66
389,Morocco_2013_Maroc_CyberSecurity_2013_ENG.pdf,67,The National Strategy for Information Society and Digital Economy 2009-2013 
390,Morocco_2013_Maroc_CyberSecurity_2013_ENG.pdf,67,Initiative 3 boost and develop it offshoring Actions 
391,Morocco_2013_Maroc_CyberSecurity_2013_ENG.pdf,67,"Continue to attract French information systems, companies* morocco as a destination to it, companies Ensure technology watch "
392,Morocco_2013_Maroc_CyberSecurity_2013_ENG.pdf,67,"Ensure a technology watch in collaboration with offshoring partners to decide which functional and sector based specialties, Morocco should emphasis on to increase added value"
393,Morocco_2013_Maroc_CyberSecurity_2013_ENG.pdf,67,( * ) See the National Pact for Industrial Emergence measure 3 measure 4 and measure 5 D
394,Morocco_2013_Maroc_CyberSecurity_2013_ENG.pdf,67," I t a l M, o r, o c c, o The National Strategy for Information Society and Digital Economy 2009-2013"
395,Morocco_2013_Maroc_CyberSecurity_2013_ENG.pdf,69,"68 D: i g, i t a l M, o r, o c c, o 68, The National Strategy for Information Society and Digital Economy; 2009-2013 "
396,Morocco_2013_Maroc_CyberSecurity_2013_ENG.pdf,69," I t a l M, o r, o c c, o The National Strategy for Information Society and Digital Economy 2009-2013"
397,Morocco_2013_Maroc_CyberSecurity_2013_ENG.pdf,70,The challenge of human capital is a key element of the successfull development of the it sector
398,Morocco_2013_Maroc_CyberSecurity_2013_ENG.pdf,70, The quantitative and qualitative availability of skilled human resources is a determining factor in the implementation of a national IT policy Success in IT
399,Morocco_2013_Maroc_CyberSecurity_2013_ENG.pdf,70, Offshoring services has significantly increased the demand for training and prompted institutions to review their training policies
400,Morocco_2013_Maroc_CyberSecurity_2013_ENG.pdf,70,"Generally, development prospects in the IT sector call for a dynamic anticipation of future needs of skilled, qualified and readily employable human resources"
401,Morocco_2013_Maroc_CyberSecurity_2013_ENG.pdf,71,The National Strategy for Information Society and Digital Economy 2009-2013 
402,Morocco_2013_Maroc_CyberSecurity_2013_ENG.pdf,71,Develop human capital that matches it sector needs 
403,Morocco_2013_Maroc_CyberSecurity_2013_ENG.pdf,71,"Number of IT profiles trained over the period Number of IT offshoring trainees within the Framework of the emergency plan, Percentage of universities and engineering schools, setting up PPP programs "
404,Morocco_2013_Maroc_CyberSecurity_2013_ENG.pdf,71," I t a l M, o r, o c c, o The National Strategy for Information Society and Digital Economy 2009-2013"
405,Morocco_2013_Maroc_CyberSecurity_2013_ENG.pdf,72,"The fulfilment of identified ambitions requires the implementation of 3 key initiatives, Initiative 1, Putting in place governance dedicated to human capital, Initiative 2 Designing and putting in place training programs that meet the needs of IT sector"
406,Morocco_2013_Maroc_CyberSecurity_2013_ENG.pdf,72," Initiative 3 Updating education programs to enhance IT graduates, employement 72, Digital, Morocco, "
407,Morocco_2013_Maroc_CyberSecurity_2013_ENG.pdf,73,The National Strategy for Information Society and Digital Economy 2009-2013 
408,Morocco_2013_Maroc_CyberSecurity_2013_ENG.pdf,73,"Initiative 1, putting in place governance dedicated to human capital"
409,Morocco_2013_Maroc_CyberSecurity_2013_ENG.pdf,73," The constant relevance of training programs to the needs of IT sector requires institutional mechanisms that continuously review the objectives, as well as the training materials and ensure that they match the demand for adequate and skilled IT"
410,Morocco_2013_Maroc_CyberSecurity_2013_ENG.pdf,73," Human resources D - i g, i t a l M, o r, o c c, o The National Strategy for Information Society and Digital Economy; 2009-2013"
411,Morocco_2013_Maroc_CyberSecurity_2013_ENG.pdf,74,"Initiative 1, putting in place governance dedicated to human capital Actions; "
412,Morocco_2013_Maroc_CyberSecurity_2013_ENG.pdf,74,Putting in place a mechanism 
413,Morocco_2013_Maroc_CyberSecurity_2013_ENG.pdf,74,"Putting in place an annual process to update initial* training plans in close collaboration with the to manage follow-up and assess training plans in the it sector, main actors involved"
414,Morocco_2013_Maroc_CyberSecurity_2013_ENG.pdf,74,"This process revolves around five principles: Updating training needs in close consultation with professional players in the sector, Consolidating the needs Impact of needs, analysis on training systems, Arbitration and approval of detailed annual training plans, Assessment of the implementation of training plans, ( * ) See the National Pact for Industrial Emergence, mesures 93 to 97, 74 Digital, Morocco, "
415,Morocco_2013_Maroc_CyberSecurity_2013_ENG.pdf,75,The National Strategy for Information Society and Digital Economy 2009-2013 
416,Morocco_2013_Maroc_CyberSecurity_2013_ENG.pdf,75,Initiative 2 designing and putting in place training programs that meet the needs of it sector In order to meet the sectors needs in terms of sufficient and qualified staff
417,Morocco_2013_Maroc_CyberSecurity_2013_ENG.pdf,75, Adequate training programs based on enterprises
418,Morocco_2013_Maroc_CyberSecurity_2013_ENG.pdf,75, Forecasts will be implemented and matched with the existing training opportunities
419,Morocco_2013_Maroc_CyberSecurity_2013_ENG.pdf,75," The sector needs in human resources for the period 2009-2013 sum up to 30,000 trainees divided as follow IT sector"
420,Morocco_2013_Maroc_CyberSecurity_2013_ENG.pdf,75,Training needs for the period 2009-2013* Distributors/hardware 
421,Morocco_2013_Maroc_CyberSecurity_2013_ENG.pdf,75,"*, Including 2008 needs "
422,Morocco_2013_Maroc_CyberSecurity_2013_ENG.pdf,75," I t a l M, o r, o c c, o The National Strategy for Information Society and Digital Economy 2009-2013"
423,Morocco_2013_Maroc_CyberSecurity_2013_ENG.pdf,76,Initiative 2 designing and putting in place training programs that meet the needs of it sector Actions
424,Morocco_2013_Maroc_CyberSecurity_2013_ENG.pdf,76,"Define initiation training plans that respond to the needs of IT, enterprises in terms of qualified resources, programs* "
425,Morocco_2013_Maroc_CyberSecurity_2013_ENG.pdf,76,Over the period 2009-2013 
426,Morocco_2013_Maroc_CyberSecurity_2013_ENG.pdf,76,"Launch an emergency training operation for the it offshoring sector Put in place in partnership with the sectors representatives an emergency training program for complementary IT offshore (, around 3,000 graduates to train between 2009 and 2013 ) to meet the peak demand forecast of IT offshore operators"
427,Morocco_2013_Maroc_CyberSecurity_2013_ENG.pdf,76," Over this period, * See the National Pact of Industrial Emergence measures 86 & 98 76 Digital Morocco, "
428,Morocco_2013_Maroc_CyberSecurity_2013_ENG.pdf,77,The National Strategy for Information Society and Digital Economy 2009-2013 
429,Morocco_2013_Maroc_CyberSecurity_2013_ENG.pdf,77,"Initiative 3 Updating education programs to enhance it graduates employement, The recurrent obligation of IT enterprises to provide training for young graduates represents a significant cost"
430,Morocco_2013_Maroc_CyberSecurity_2013_ENG.pdf,77, This results in slowing down the integration of young graduates in professional life
431,Morocco_2013_Maroc_CyberSecurity_2013_ENG.pdf,77," Alongside putting in place new governance and regularly updated training programs, it is necessary to improve the employment rate of IT graduates by impacting at two levels: "
432,Morocco_2013_Maroc_CyberSecurity_2013_ENG.pdf,77,"Effective, upstream implication of IT, professionals in training programs in partnership with the players of higher education, Systematic and significant immersion of IT students within enterprises during their training period D"
433,Morocco_2013_Maroc_CyberSecurity_2013_ENG.pdf,77," I t a l M, o r, o c c, o The National Strategy for Information Society and Digital Economy 2009-2013"
434,Morocco_2013_Maroc_CyberSecurity_2013_ENG.pdf,78,"Initiative 3 Updating education programs to enhance it graduates, employement Actions, "
435,Morocco_2013_Maroc_CyberSecurity_2013_ENG.pdf,78,"Promote and encourage IT Academy within the university, in partnership with professionals of the within public-private partnerships"
436,Morocco_2013_Maroc_CyberSecurity_2013_ENG.pdf,78,"Rate of second-cycle university graduates at the end of their training program sector, particularly software editors and private operators, Provide students during their curricula, national professional/certified training programs with the least cost credentials"
437,Morocco_2013_Maroc_CyberSecurity_2013_ENG.pdf,78," The content of these training programs will be made available by the professionals and trainings are ensured by professors, from the IT Academy, Reorient in collaboration with professionals, second-cycle, university teaching and curricula to better respond to the needs of enterprises and professionalize training by integrating long-duration training"
438,Morocco_2013_Maroc_CyberSecurity_2013_ENG.pdf,78," In the curricula ( minimum of 6 months ) to allow student immersion in the professional world - 78 Digital, Morocco, "
439,Morocco_2013_Maroc_CyberSecurity_2013_ENG.pdf,79,The National Strategy for Information Society and Digital Economy 2009-2013 
440,Morocco_2013_Maroc_CyberSecurity_2013_ENG.pdf,79," I t a l M, o r, o c c, o The National Strategy for Information Society and Digital Economy 2009-2013"
441,Morocco_2013_Maroc_CyberSecurity_2013_ENG.pdf,80,"Users, lack of confidence in secure electronic exchanges constitutes a major barrier for the development of it usage"
442,Morocco_2013_Maroc_CyberSecurity_2013_ENG.pdf,80, E-Commerce usage is still under-developed for both individuals and enterprises
443,Morocco_2013_Maroc_CyberSecurity_2013_ENG.pdf,80, Enterprises consider that they are not fully informed about existing legal regulations and future legal provisions
444,Morocco_2013_Maroc_CyberSecurity_2013_ENG.pdf,80," While pedagogic effort on the theme of digital exchanges are necessary, a limited communication campaign towards both enterprises and individuals hinders the development of IT"
445,Morocco_2013_Maroc_CyberSecurity_2013_ENG.pdf,80," Usage 80 Digital, Morocco, "
446,Morocco_2013_Maroc_CyberSecurity_2013_ENG.pdf,81,The National Strategy for Information Society and Digital Economy 2009-2013 
447,Morocco_2013_Maroc_CyberSecurity_2013_ENG.pdf,81,Introduce conditions to raise confidence in e-commerce among individual citizens and enterprises
448,Morocco_2013_Maroc_CyberSecurity_2013_ENG.pdf,81,"Promulgation of laws related to IS and network security, protection of consumers, protection of personal data Deployment of MA-CERT services, "
449,Morocco_2013_Maroc_CyberSecurity_2013_ENG.pdf,81,"Number of delivered electronic users certificates, Campaign of awarness and information "
450,Morocco_2013_Maroc_CyberSecurity_2013_ENG.pdf,81,% of trained magistrates 
451,Morocco_2013_Maroc_CyberSecurity_2013_ENG.pdf,81," I t a l M, o r, o c c, o The National Strategy for Information Society and Digital Economy 2009-2013"
452,Morocco_2013_Maroc_CyberSecurity_2013_ENG.pdf,82,"The fulfilment of identified ambitions requires the implementation of 3 key initiatives, Initiative 1 Update and reinforce the legislative framework Initiative 2, Put in place, appropriate organisational structures, Initiative, 3, Promote and sensitise social operators to information systems, security, 82, Digital, Morocco, "
453,Morocco_2013_Maroc_CyberSecurity_2013_ENG.pdf,83,The National Strategy for Information Society and Digital Economy 2009-2013 
454,Morocco_2013_Maroc_CyberSecurity_2013_ENG.pdf,83,Initiative 1 Update and reinforce the legislative framework
455,Morocco_2013_Maroc_CyberSecurity_2013_ENG.pdf,83," Ensuring conditions for digital confidence requires the implementation of an appropriate legal and legislative framework that will enhance the confidence of enterprises, administrations and individual citizens"
456,Morocco_2013_Maroc_CyberSecurity_2013_ENG.pdf,83, The Moroccan legislative framework must keep the pace of the technological development and users changes
457,Morocco_2013_Maroc_CyberSecurity_2013_ENG.pdf,83, It should support the development of the digital society and provide greater protection of Moroccan internet users in commercial domains
458,Morocco_2013_Maroc_CyberSecurity_2013_ENG.pdf,83, The expansion of e-commerce and electronic services depend on the confidence of individual citizens in the protection of their personal data
459,Morocco_2013_Maroc_CyberSecurity_2013_ENG.pdf,83, Protection of electronic exchanges can be also achieved by developing the services of electronic certification and cryptography D
460,Morocco_2013_Maroc_CyberSecurity_2013_ENG.pdf,83," I t a l M, o r, o c c, o The National Strategy for Information Society and Digital Economy 2009-2013"
461,Morocco_2013_Maroc_CyberSecurity_2013_ENG.pdf,84,Initiative 1 Update and reinforce the legislative framework Actions
462,Morocco_2013_Maroc_CyberSecurity_2013_ENG.pdf,84,Protect the personnal data 
463,Morocco_2013_Maroc_CyberSecurity_2013_ENG.pdf,84,"Equip the Moroccan legislative arsenal with efficient protection tools for individuals with respect to personal data processing in complience, with the European framework in effect, Encourage and promote e-commerce development"
464,Morocco_2013_Maroc_CyberSecurity_2013_ENG.pdf,84,Lisation of electronic transactions - 
465,Morocco_2013_Maroc_CyberSecurity_2013_ENG.pdf,84,"Elaborate, the necessary legislative and regulatory texts to protect user online transactions, Implement Law, n 53-03 related to electronic exchange of legal data"
466,Morocco_2013_Maroc_CyberSecurity_2013_ENG.pdf,84,", Elaborate regulatory texts to facilitate the utilization of encryption means and electronic certification"
467,Morocco_2013_Maroc_CyberSecurity_2013_ENG.pdf,85,The National Strategy for Information Society and Digital Economy 2009-2013 
468,Morocco_2013_Maroc_CyberSecurity_2013_ENG.pdf,85,"Initiative 2 put in place appropriate organisational structures, Strengthening e-commerce confidence is a condition upon implementing support mechanisms to assist social operators on issues related to Information Systems, Security, mainly for: "
469,Morocco_2013_Maroc_CyberSecurity_2013_ENG.pdf,85,"Entities in charge of offering expertise in the field of Information Systems, Security Entities in charge of guaranteeing the protection of critical information infrastructure Entities in charge of protecting personal data and setting up a dedicated control body D"
470,Morocco_2013_Maroc_CyberSecurity_2013_ENG.pdf,85," I t a l M, o r, o c c, o The National Strategy for Information Society and Digital Economy 2009-2013"
471,Morocco_2013_Maroc_CyberSecurity_2013_ENG.pdf,86,"Initiative 2 put in place appropriate organisational structures, Actions "
472,Morocco_2013_Maroc_CyberSecurity_2013_ENG.pdf,86,"Set up a committee in charge of information systems, security, "
473,Morocco_2013_Maroc_CyberSecurity_2013_ENG.pdf,86,"In relation with the National Council of Information Technology and Digital Economy, a committee in charge of Information Systems, Security will be set up and will be mainly responsible for elaborating the policy related to the protection of critical information infrastructure in the country"
474,Morocco_2013_Maroc_CyberSecurity_2013_ENG.pdf,86,Put in place mA-cErt 
475,Morocco_2013_Maroc_CyberSecurity_2013_ENG.pdf,86,"Put in place a centre of coordination and response to incidents related to Information Systems, Security, (, ma-CERT ) at a national level"
476,Morocco_2013_Maroc_CyberSecurity_2013_ENG.pdf,86,"This centres, main role, is to respond to security incidents, coordinate responses at the national level and propose different services related to the handling of these incidents"
477,Morocco_2013_Maroc_CyberSecurity_2013_ENG.pdf,86, The analysis of their vulnerability and the restoration of systems under attack set up certification authority
478,Morocco_2013_Maroc_CyberSecurity_2013_ENG.pdf,86,"Put in place and develop the first service provider of electronic certificates, whose role is to ensure electronic exchanges, viability, authentication and data integrity by issuing and delivering electronic certificates"
479,Morocco_2013_Maroc_CyberSecurity_2013_ENG.pdf,87,The National Strategy for Information Society and Digital Economy 2009-2013 
480,Morocco_2013_Maroc_CyberSecurity_2013_ENG.pdf,87,"Initiative 2 put in place appropriate organisational structures, Actions "
481,Morocco_2013_Maroc_CyberSecurity_2013_ENG.pdf,87,Put in place the National 
482,Morocco_2013_Maroc_CyberSecurity_2013_ENG.pdf,87,"Commission for data protection, (, cNdp, ), "
483,Morocco_2013_Maroc_CyberSecurity_2013_ENG.pdf,87,"Set up CNDP to be responsible for informing individual users about their rights and obligations, proposing to the government, legislative and regulatory measures for the protection of personal data, while taking into consideration technological evolutions to ensure law enforcement for the protection of personal data, develop back-up sites"
484,Morocco_2013_Maroc_CyberSecurity_2013_ENG.pdf,87,"Encourage the development of back-up sites within the framework of public-private partnership to ensure the sustainability of the kingdoms, critical information, infrastructure D"
485,Morocco_2013_Maroc_CyberSecurity_2013_ENG.pdf,87," I t a l M, o r, o c c, o The National Strategy for Information Society and Digital Economy 2009-2013"
486,Morocco_2013_Maroc_CyberSecurity_2013_ENG.pdf,88,"Initiative 3 promote and sensitise social operators to information systems security, The improvment of the Information Systems, Security requires the development of a real culture of security"
487,Morocco_2013_Maroc_CyberSecurity_2013_ENG.pdf,88,", The awarness of individual citizens, administrations and enterprises to the challenges of Information Systems"
488,Morocco_2013_Maroc_CyberSecurity_2013_ENG.pdf,88, Security is of a paramount importance
489,Morocco_2013_Maroc_CyberSecurity_2013_ENG.pdf,88," In addition to developing a good understanding of Information Systems Security, this awarness program should allow individual citizens to be aware of the measures taken to promote digital confidence"
490,Morocco_2013_Maroc_CyberSecurity_2013_ENG.pdf,88," 88 D, i g"
491,Morocco_2013_Maroc_CyberSecurity_2013_ENG.pdf,89," I t a l M, o r, o c c, o The National Strategy for Information Society and Digital Economy 2009-2013 "
492,Morocco_2013_Maroc_CyberSecurity_2013_ENG.pdf,89,"Initiative: 3 promote and sensitise social operators to information systems, security Actions, "
493,Morocco_2013_Maroc_CyberSecurity_2013_ENG.pdf,89,"Implement a sensitisation and communication program about iss, Define and launch programs of awarness and communication on the ISS issues for grand public companies and administrations"
494,Morocco_2013_Maroc_CyberSecurity_2013_ENG.pdf,89,Provide training programs on 
495,Morocco_2013_Maroc_CyberSecurity_2013_ENG.pdf,89,Define and provide training programs on IT and ISS for engineering students to help them acquire iss for engineering students
496,Morocco_2013_Maroc_CyberSecurity_2013_ENG.pdf,89,"Adequate qualifications, according to their area of expertise, provide training programs for "
497,Morocco_2013_Maroc_CyberSecurity_2013_ENG.pdf,89,Provide training to introduce to all magistrates the basic IT and ISS skills legal professions; 
498,Morocco_2013_Maroc_CyberSecurity_2013_ENG.pdf,89,"Design, a charter for retail "
499,Morocco_2013_Maroc_CyberSecurity_2013_ENG.pdf,89,Boost public confidence in e-commerce by setting up a label of retail websites in partnership with websites 
500,Morocco_2013_Maroc_CyberSecurity_2013_ENG.pdf,89,"Business federations, and notably the Confederation of Moroccan Companies, ( CGEM, ) D"
501,Morocco_2013_Maroc_CyberSecurity_2013_ENG.pdf,89," I t a l M, o r, o c c, o The National Strategy for Information Society and Digital Economy 2009-2013"
502,Morocco_2013_Maroc_CyberSecurity_2013_ENG.pdf,90, 90 D: i g
503,Morocco_2013_Maroc_CyberSecurity_2013_ENG.pdf,91," I t a l M, o r, o c c, o The National Strategy for Information Society and Digital Economy, 2009-2013 "
504,Morocco_2013_Maroc_CyberSecurity_2013_ENG.pdf,91," I t a l M, o r, o c c, o The National Strategy for Information Society and Digital Economy 2009-2013"
505,Morocco_2013_Maroc_CyberSecurity_2013_ENG.pdf,92,"Ensure the effective implementation of maroc Numeric such is the objective of setting up an overall governance at the highest level of government National Council, for IT "
506,Morocco_2013_Maroc_CyberSecurity_2013_ENG.pdf,92,"And Digital Economy, ( TIEN ) "
507,Morocco_2013_Maroc_CyberSecurity_2013_ENG.pdf,92,"Entities set up by decree n 2-08-444 of May 21st 2009 Steering management Development, TIEN* "
508,Morocco_2013_Maroc_CyberSecurity_2013_ENG.pdf,92,*Information Technologies and Digital Economy 
509,Morocco_2013_Maroc_CyberSecurity_2013_ENG.pdf,93,"92 D: i g, i t a l M, o r, o c c, o The National Strategy for Information Society and Digital Economy 2009-2013 "
510,Morocco_2013_Maroc_CyberSecurity_2013_ENG.pdf,93,The roles and responsibilities of the different structures have been clearly defined
511,Morocco_2013_Maroc_CyberSecurity_2013_ENG.pdf,93," National council for it and digital Economy Impetus, Make proposals to the government regarding the broad orientations of a national strategy for the development of new information technologies"
512,Morocco_2013_Maroc_CyberSecurity_2013_ENG.pdf,93,Steering committee for it and digital Economy Propose measures of legislative or regulatory nature designed to contribute to such a development
513,Morocco_2013_Maroc_CyberSecurity_2013_ENG.pdf,93, Propose relevant measures to promote the use of new IT in the public and private sectors
514,Morocco_2013_Maroc_CyberSecurity_2013_ENG.pdf,93,", Coordinate and assess progress made by the implementation of national policies geared towards IT, development and arbitrate possible priority conflicts Make recommendations for the conception, preparation, implementation and evaluation of actions taken to Develop the information society and digital economy Interministerial entity chaired by the Prime Minister, "
515,Morocco_2013_Maroc_CyberSecurity_2013_ENG.pdf,93,"Set the course and evaluate Set out vision and ambitions, Define the strategy and the action plan, Coordinate action plans to be implemented and arbitrate when necessary"
516,Morocco_2013_Maroc_CyberSecurity_2013_ENG.pdf,93, Ensure the allocation of relevant means and resources
517,Morocco_2013_Maroc_CyberSecurity_2013_ENG.pdf,93, Prepare follow-up and evaluation reports on the progress made with regards to different action plans in order to be submitted to the National Council
518,Morocco_2013_Maroc_CyberSecurity_2013_ENG.pdf,93, Redirect programs running into difficulty Make proposals to the National Council regarding measures to be taken to promote and develop
519,Morocco_2013_Maroc_CyberSecurity_2013_ENG.pdf,93,Interministerial entity chaired by the Minister in charge of New Technologies 
520,Morocco_2013_Maroc_CyberSecurity_2013_ENG.pdf,93,Prepare an annual report on CNTI activities and on new IT development in Morocco to be submitted for the Councils approval and to be presented to the government D
521,Morocco_2013_Maroc_CyberSecurity_2013_ENG.pdf,93," I t a l M, o r, o c c, o The National Strategy for Information Society and Digital Economy 2009-2013"
522,Morocco_2013_Maroc_CyberSecurity_2013_ENG.pdf,94,"The roles and responsibilities of the different structures have been clearly defined: steering management for tiEN development, "
523,Morocco_2013_Maroc_CyberSecurity_2013_ENG.pdf,94,Manage overall implementation Prepare IT and digital economy strategy
524,Morocco_2013_Maroc_CyberSecurity_2013_ENG.pdf,94,", Propose action plan and estimate necessary, means"
525,Morocco_2013_Maroc_CyberSecurity_2013_ENG.pdf,94, Oversee the implementation of set plan
526,Morocco_2013_Maroc_CyberSecurity_2013_ENG.pdf,94, Highlight and use inter-project synergies
527,Morocco_2013_Maroc_CyberSecurity_2013_ENG.pdf,94, Prepare assessment of achievements
528,Morocco_2013_Maroc_CyberSecurity_2013_ENG.pdf,94, Take part in international forums to promote Morocco and attract available funds
529,Morocco_2013_Maroc_CyberSecurity_2013_ENG.pdf,94,"Assess Set up dashboards to monitor IT, trends in Morocco"
530,Morocco_2013_Maroc_CyberSecurity_2013_ENG.pdf,94,", Assess and account for discrepancies between plans and actual achievements"
531,Morocco_2013_Maroc_CyberSecurity_2013_ENG.pdf,94, Provide information to focuse on measures or recipients of measures likely to optimise results
532,Morocco_2013_Maroc_CyberSecurity_2013_ENG.pdf,94,"Charge of New Technologies, "
533,Morocco_2013_Maroc_CyberSecurity_2013_ENG.pdf,94,"Charge of New Technologies, "
534,Morocco_2013_Maroc_CyberSecurity_2013_ENG.pdf,95,"94 D: i g, i t a l M, o r, o c c, o The National Strategy for Information Society and Digital Economy 2009-2013 "
535,Morocco_2013_Maroc_CyberSecurity_2013_ENG.pdf,95,"Digital Morocco, The National Strategy for Information Society and Digital Economy, 2009-2013 "
536,Morocco_2013_Maroc_CyberSecurity_2013_ENG.pdf,96,Allocate over five years adequate and sufficient financial resources to implement initiatives and measures related to maroc Numeric and to ensure its effective implementation Rubrics 
537,Morocco_2013_Maroc_CyberSecurity_2013_ENG.pdf,96,"Social change, User-oriented public service SME productivity, IT industry Cyber confidence, Gouvernance, Total 2009-2013 "
538,Morocco_2013_Maroc_CyberSecurity_2013_ENG.pdf,96,( in MAD million ) 
539,Morocco_2013_Maroc_CyberSecurity_2013_ENG.pdf,97,The National Strategy for Information Society and Digital Economy 2009-2013 
540,Morocco_2013_Maroc_CyberSecurity_2013_ENG.pdf,97," I t a l M, o r, o c c, o The National Strategy for Information Society and Digital Economy 2009-2013"
541,Morocco_2013_Maroc_CyberSecurity_2013_ENG.pdf,98,"Provide hardware, internet access and multimedia resources to public educational institutions Provide multimedia resources and internet access to public higher education institutions Subsidise computer equipment and internet connection for teaching staff Subsidise mobile computers and internet connection for engineering students or similars"
542,Morocco_2013_Maroc_CyberSecurity_2013_ENG.pdf,98, Adopt policies focused on the development of broadband by category of the zone and income levels Promote low-cost equipment offers 
543,Morocco_2013_Maroc_CyberSecurity_2013_ENG.pdf,98,"Promote internet access and IT use outside the home by setting up community access centers Support the development of digital informational content Support the development of digital entertainment content Support the development of educational content; 98 Digital Morocco, 98 "
544,Morocco_2013_Maroc_CyberSecurity_2013_ENG.pdf,99,The National Strategy for Information Society and Digital Economy 2009-2013 
545,Morocco_2013_Maroc_CyberSecurity_2013_ENG.pdf,99,"Put in place a governance structure for e-government program, Implement 15 key projects"
546,Morocco_2013_Maroc_CyberSecurity_2013_ENG.pdf,99,"Implement all e-government projects and services, small and medium Enterprises, productivity, "
547,Morocco_2013_Maroc_CyberSecurity_2013_ENG.pdf,99,Identify ready-made business solutions for branches with strong GDP potential Support IT
548,Morocco_2013_Maroc_CyberSecurity_2013_ENG.pdf,99," Investment by sector based SMEs, Disseminate information on designed sector based offers, Assist SMEs supplying providers of the main contractors that are engaged in dematerialisation projects Involve main contractors to incite Very Small Enterprises to be equipped"
549,Morocco_2013_Maroc_CyberSecurity_2013_ENG.pdf,99, Involve professional associations in SMEs endorsement to IT Train IT correspondents and accounting experts Initiate SME managers to use IT
550,Morocco_2013_Maroc_CyberSecurity_2013_ENG.pdf,99, The Digital License Upgrade the legal framework to encourage the use of online services D
551,Morocco_2013_Maroc_CyberSecurity_2013_ENG.pdf,99," I t a l M, o r, o c c, o The National Strategy for Information Society and Digital Economy 2009-2013"
552,Morocco_2013_Maroc_CyberSecurity_2013_ENG.pdf,100,Implement national governance for innovation; 
553,Morocco_2013_Maroc_CyberSecurity_2013_ENG.pdf,100,"Set up financing solutions for IT, actors Set up regional technoparks, "
554,Morocco_2013_Maroc_CyberSecurity_2013_ENG.pdf,100,"Improve and adapt the legal framework to the specificities of the IT sector, Promote the culture of entrepreneurship and innovation, Set up assistance services for IT"
555,Morocco_2013_Maroc_CyberSecurity_2013_ENG.pdf,100," Enterprises Set up IT clusters, "
556,Morocco_2013_Maroc_CyberSecurity_2013_ENG.pdf,100,"Put in place a financing scheme designed for activities developed in the clusters Implement the law related to personal data protection, Sustain the competitiveness of Morocco as offshoring destination, Provide sufficient and quality infrastructure"
557,Morocco_2013_Maroc_CyberSecurity_2013_ENG.pdf,100,"Meet the needs of qualified human resources, Promote destination of Morocco as a destination to IT"
558,Morocco_2013_Maroc_CyberSecurity_2013_ENG.pdf,100, Companies Ensure technology watch 
559,Morocco_2013_Maroc_CyberSecurity_2013_ENG.pdf,101,The National Strategy for Information Society and Digital Economy 2009-2013 
560,Morocco_2013_Maroc_CyberSecurity_2013_ENG.pdf,101,"Putting in place a mechanism to manage follow-up and assess training plans in the IT sector, Design, initiation training programs, "
561,Morocco_2013_Maroc_CyberSecurity_2013_ENG.pdf,101,"Launch an emergency training operation for the IT offshoring sector, Develop training initiatives within public-private partnerships, Improve the employment rate of second-cycle university graduates at the end of their training program D, i g"
562,Morocco_2013_Maroc_CyberSecurity_2013_ENG.pdf,101," I t a l M, o r, o c c, o The National Strategy for Information Society and Digital Economy 2009-2013"
563,Morocco_2013_Maroc_CyberSecurity_2013_ENG.pdf,102,Protect the personal data 
564,Morocco_2013_Maroc_CyberSecurity_2013_ENG.pdf,102,Encourage and promote e-commerce development
565,Morocco_2013_Maroc_CyberSecurity_2013_ENG.pdf,102,"Encourage the dematerialisation of electronic transactions Set up a committee in charge of Information Systems, Security Put MA-CERT in place; "
566,Morocco_2013_Maroc_CyberSecurity_2013_ENG.pdf,102,Set up certification authority 
567,Morocco_2013_Maroc_CyberSecurity_2013_ENG.pdf,102,"Put in place the National Commission for Data Protection, (, CNDP, ), Develop back-up sites; "
568,Morocco_2013_Maroc_CyberSecurity_2013_ENG.pdf,102,"Implement a sensitisation and communication program about ISS Provide training programs on ISS for engineering students, Provide training programs for legal professions; Design; a charter for retail websites; 10 2 Digital Morocco, "
569,Morocco_2013_Maroc_CyberSecurity_2013_ENG.pdf,105,The National Strategy for Information Society and Digital Economy 2009-2013 
